{
	"tag": {},
	"simulation": {
		"constant_density": false,
		"time_step[sec]": 0.05,
		"total_time[sec]": 250,
		"ground_altitude[ft]": 4711
	},
	"aircraft": {
		"wing_area[ft^2]": 6.5625,
		"wing_span[ft]": 12.5,
		"weight[lbf]": 0.7871061038574173,
		"Ixx[slug-ft^2]": 0.05935747176408768,
		"Iyy[slug-ft^2]": 0.07651889324188232,
		"Izz[slug-ft^2]": 0.12747594714164734,
		"Ixy[slug-ft^2]": -5.388499355631738e-18,
		"Ixz[slug-ft^2]": 0.002513344632461667,
		"Iyz[slug-ft^2]": -3.054164402164879e-20,
		"hx[slug-ft^2/s]": 0,
		"hy[slug-ft^2/s]": 0,
		"hz[slug-ft^2/s]": 0,
		"name": "Glidezilla"
	},
	"analysis" : {
		"density[slugs/ft^3]" : 0.0020482
	},
	"initial": {
		"airspeed[ft/s]": 15.8574,
		"altitude[ft]": 4761,
		"heading[deg]": 0,
		"type": "state",
		"state": {
			"elevation_angle[deg]": 0,
			"bank_angle[deg]": 0,
			"alpha[deg]": 0,
			"beta[deg]": 0,
			"p[deg/s]": 0,
			"q[deg/s]": 0,
			"r[deg/s]": 0,
			"aileron[deg]": 0,
			"elevator[deg]": 0,
			"rudder[deg]": 0,
			"throttle": 0
		}
	},
	"aerodynamics": {
		"ground_effect": {
			"use_ground_effect": true,
			"taper_ratio": 1
		},
		"gust_magnitude[ft/s]": 2,
		"stall": {
			"use_stall_model": true,
			"alpha_blend[deg]": 10.7,
			"blending_factor": 40
		},
		"CL": {
			"0": 0.83247131252454,
			"alpha": 5.78590023467997,
			"alpha_hat": 0.7557,
			"qbar": 1.35172600517429,
			"de": 0
		},
		"CS": {
			"beta": -0.625524358471461,
			"pbar": -0.5423417414297238,
			"Lpbar": -0.06225930483617501,
			"rbar": 0.462172280900749,
			"da": 0,
			"dr": 0
		},
		"CD": {
			"L0": 0.015740655030782896,
			"L": -0.012060030703007929,
			"L2": 0.02743511205309425,
			"S2": 0.6137243329096531,
			"qbar": 0.13399652992273958,
			"Lqbar": 0.2703430823630827,
			"L2qbar": -0.2743382657535999,
			"de": 0,
			"Lde": 0,
			"de2": 0
		},
		"Cl": {
			"beta": -0.270750499199735,
			"pbar": -0.613478984170567,
			"rbar": 0.12031322518741393,
			"Lrbar": 0.2247726457288621,
			"da": 0,
			"dr": 0
		},
		"Cm": {
			"0": 0.0000432258347216389,
			"alpha": -2.88361896963107,
			"alpha_hat": -1.9067,
			"qbar": -24.1899139959724,
			"de": 0
		},
		"Cn": {
			"beta": 0.0419731162982522,
			"pbar": 0.0635633061903502,
			"Lpbar": -0.16993037605966652,
			"rbar": -0.0508216011675184,
			"da": 0,
			"Lda": 0,
			"dr": 0
		}
	}
}
