{
	"tag": {},
	"simulation": {
		"constant_density": false,
		"time_step[sec]": 0.05,
		"total_time[sec]": 250,
		"ground_altitude[ft]": 4711
	},
	"aircraft": {
		"wing_area[ft^2]": 6.75,
		"wing_span[ft]": 12,
		"weight[lbf]": 0.8057039326611974,
		"Ixx[slug-ft^2]": 0.06633230298757553,
		"Iyy[slug-ft^2]": 0.07597853243350983,
		"Izz[slug-ft^2]": 0.13364394009113312,
		"Ixy[slug-ft^2]": -5.387376044359891e-18,
		"Ixz[slug-ft^2]": 0.0025075695011764765,
		"Iyz[slug-ft^2]": -3.0088339352446925e-20,
		"hx[slug-ft^2/s]": 0,
		"hy[slug-ft^2/s]": 0,
		"hz[slug-ft^2/s]": 0,
		"name": "Glidezilla"
	},
	"initial": {
		"airspeed[ft/s]": 15.8573187870864,
		"altitude[ft]": 4761,
		"heading[deg]": 0,
		"type": "state",
		"state": {
			"elevation_angle[deg]": 0,
			"bank_angle[deg]": 0,
			"alpha[deg]": 0,
			"beta[deg]": 0,
			"p[deg/s]": 0,
			"q[deg/s]": 0,
			"r[deg/s]": 0,
			"aileron[deg]": 0,
			"elevator[deg]": 0,
			"rudder[deg]": 0,
			"throttle": 0
		}
	},
	"aerodynamics": {
		"ground_effect": {
			"use_ground_effect": true,
			"taper_ratio": 1
		},
		"gust_magnitude[ft/s]": 2,
		"stall": {
			"use_stall_model": true,
			"alpha_blend[deg]": 10.8,
			"blending_factor": 40
		},
		"CL": {
			"0": 0.825869873400673,
			"alpha": 5.67917432902997,
			"alpha_hat": 0.7557,
			"qbar": 1.3072086580259,
			"de": 0
		},
		"CS": {
			"beta": -0.589162262212099,
			"pbar": -0.5313281912362334,
			"Lpbar": -0.06270032800960662,
			"rbar": 0.459725673423817,
			"da": 0,
			"dr": 0
		},
		"CD": {
			"L0": 0.015587670240164025,
			"L": -0.011488169633201373,
			"L2": 0.028630255991803452,
			"S2": 0.6903434497461873,
			"qbar": 0.12104271814810882,
			"Lqbar": 0.23506467813479248,
			"L2qbar": -0.22498052519656847,
			"de": 0,
			"Lde": 0,
			"de2": 0
		},
		"Cl": {
			"beta": -0.262562969541313,
			"pbar": -0.6288787842856,
			"rbar": 0.12213663306778531,
			"Lrbar": 0.23603254150512734,
			"da": 0,
			"dr": 0
		},
		"Cm": {
			"0": 0.00995137869601931,
			"alpha": -2.26784345165773,
			"alpha_hat": -1.9067,
			"qbar": -20.3600011066904,
			"de": 0
		},
		"Cn": {
			"beta": 0.0435639686747429,
			"pbar": 0.06569343331173688,
			"Lpbar": -0.17281297722264066,
			"rbar": -0.053817712173207,
			"da": 0,
			"Lda": 0,
			"dr": 0
		}
	}
}