{
	"tag": {},
	"simulation": {
		"constant_density": false,
		"time_step[sec]": 0.05,
		"total_time[sec]": 250,
		"ground_altitude[ft]": 4711
	},
	"aircraft": {
		"wing_area[ft^2]": 7.3500000000000005,
		"wing_span[ft]": 14,
		"weight[lbf]": 0.8161187167874474,
		"Ixx[slug-ft^2]": 0.08294899761676788,
		"Iyy[slug-ft^2]": 0.06586962193250656,
		"Izz[slug-ft^2]": 0.1380774825811386,
		"Ixy[slug-ft^2]": -5.375017966008349e-18,
		"Ixz[slug-ft^2]": 0.0016298292903229594,
		"Iyz[slug-ft^2]": -2.933071622835651e-20,
		"hx[slug-ft^2/s]": 0,
		"hy[slug-ft^2/s]": 0,
		"hz[slug-ft^2/s]": 0,
		"name": "Glidezilla"
	},
	"initial": {
		"airspeed[ft/s]": 15.8573187870864,
		"altitude[ft]": 4761,
		"heading[deg]": 0,
		"type": "state",
		"state": {
			"elevation_angle[deg]": 0,
			"bank_angle[deg]": 0,
			"alpha[deg]": 0,
			"beta[deg]": 0,
			"p[deg/s]": 0,
			"q[deg/s]": 0,
			"r[deg/s]": 0,
			"aileron[deg]": 0,
			"elevator[deg]": 0,
			"rudder[deg]": 0,
			"throttle": 0
		}
	},
	"analysis" : {
		"density[slugs/ft^3]" : 0.0020664
	},
	"aerodynamics": {
		"ground_effect": {
			"use_ground_effect": true,
			"taper_ratio": 1
		},
		"gust_magnitude[ft/s]": 2,
		"stall": {
			"use_stall_model": true,
			"alpha_blend[deg]": 10.6,
			"blending_factor": 40
		},
		"CL": {
			"0": 0.837373491819427,
			"alpha": 5.7307997272794,
			"alpha_hat": 0.7557,
			"qbar": -2.82665448416527,
			"de": 0
		},
		"CS": {
			"beta": -0.588296896232564,
			"pbar": -0.5377810980906196,
			"Lpbar": -0.057619893152605156,
			"rbar": 0.411608572963854,
			"da": 0,
			"dr": 0
		},
		"CD": {
			"L0": 0.015256902094361698,
			"L": -0.011476913903743086,
			"L2": 0.025570029967247568,
			"S2": 0.5699300040419946,
			"qbar": 0.12584702175271228,
			"Lqbar": 0.7595719302826847,
			"L2qbar": -0.36961978138710316,
			"de": 0,
			"Lde": 0,
			"de2": 0
		},
		"Cl": {
			"beta": -0.26805755523386,
			"pbar": -0.622982632463314,
			"rbar": 0.11296634607513223,
			"Lrbar": 0.22742063138684032,
			"da": 0,
			"dr": 0
		},
		"Cm": {
			"0": 0.230177055994076,
			"alpha": -1.08082293079801,
			"alpha_hat": -1.9067,
			"qbar": -20.9334362011361,
			"de": 0
		},
		"Cn": {
			"beta": 0.0205998614861791,
			"pbar": 0.06328119994145961,
			"Lpbar": -0.17831217895779566,
			"rbar": -0.032774295115937,
			"da": 0,
			"Lda": 0,
			"dr": 0
		}
	}
}
